name,source,interest,status
“the world as we have created it is a process of our thinking. it cannot be changed without changing our thinking.”,https://quotes.toscrape.com/,news,new
"“it is our choices, harry, that show what we truly are, far more than our abilities.”",https://quotes.toscrape.com/,news,new
“there are only two ways to live your life. one is as though nothing is a miracle. the other is as though everything is a miracle.”,https://quotes.toscrape.com/,news,new
"“the person, be it gentleman or lady, who has not pleasure in a good novel, must be intolerably stupid.”",https://quotes.toscrape.com/,news,new
"“imperfection is beauty, madness is genius and it's better to be absolutely ridiculous than absolutely boring.”",https://quotes.toscrape.com/,news,new
“try not to become a man of success. rather become a man of value.”,https://quotes.toscrape.com/,news,new
“it is better to be hated for what you are than to be loved for what you are not.”,https://quotes.toscrape.com/,news,new
"“i have not failed. i've just found 10,000 ways that won't work.”",https://quotes.toscrape.com/,news,new
“a woman is like a tea bag; you never know how strong it is until it's in hot water.”,https://quotes.toscrape.com/,news,new
"“a day without sunshine is like, you know, night.”",https://quotes.toscrape.com/,news,new
a light in the attic,https://books.toscrape.com/,product,new
tipping the velvet,https://books.toscrape.com/,product,new
soumission,https://books.toscrape.com/,product,new
sharp objects,https://books.toscrape.com/,product,new
sapiens: a brief history of humankind,https://books.toscrape.com/,product,new
the requiem red,https://books.toscrape.com/,product,new
the dirty little secrets of getting your dream job,https://books.toscrape.com/,product,new
"the coming woman: a novel based on the life of the infamous feminist, victoria woodhull",https://books.toscrape.com/,product,new
the boys in the boat: nine americans and their epic quest for gold at the 1936 berlin olympics,https://books.toscrape.com/,product,new
the black maria,https://books.toscrape.com/,product,new
"starving hearts (triangular trade trilogy, #1)",https://books.toscrape.com/,product,new
shakespeare's sonnets,https://books.toscrape.com/,product,new
set me free,https://books.toscrape.com/,product,new
scott pilgrim's precious little life (scott pilgrim #1),https://books.toscrape.com/,product,new
rip it up and start again,https://books.toscrape.com/,product,new
"our band could be your life: scenes from the american indie underground, 1981-1991",https://books.toscrape.com/,product,new
olio,https://books.toscrape.com/,product,new
mesaerion: the best science fiction stories 1800-1849,https://books.toscrape.com/,product,new
libertarianism for beginners,https://books.toscrape.com/,product,new
it's only the himalayas,https://books.toscrape.com/,product,new
