title,author,url
“the world as we have created it is a process of our thinking. it cannot be changed without changing our thinking.”,Albert Einstein,https://quotes.toscrape.com/
"“it is our choices, harry, that show what we truly are, far more than our abilities.”",J.K. Rowling,https://quotes.toscrape.com/
“there are only two ways to live your life. one is as though nothing is a miracle. the other is as though everything is a miracle.”,Albert Einstein,https://quotes.toscrape.com/
"“the person, be it gentleman or lady, who has not pleasure in a good novel, must be intolerably stupid.”",Jane Austen,https://quotes.toscrape.com/
"“imperfection is beauty, madness is genius and it's better to be absolutely ridiculous than absolutely boring.”",Marilyn Monroe,https://quotes.toscrape.com/
“try not to become a man of success. rather become a man of value.”,Albert Einstein,https://quotes.toscrape.com/
“it is better to be hated for what you are than to be loved for what you are not.”,André Gide,https://quotes.toscrape.com/
"“i have not failed. i've just found 10,000 ways that won't work.”",Thomas A. Edison,https://quotes.toscrape.com/
“a woman is like a tea bag; you never know how strong it is until it's in hot water.”,Eleanor Roosevelt,https://quotes.toscrape.com/
"“a day without sunshine is like, you know, night.”",Steve Martin,https://quotes.toscrape.com/
