title,price,url
a light in the attic,£51.77,https://books.toscrape.com/
tipping the velvet,£53.74,https://books.toscrape.com/
soumission,£50.10,https://books.toscrape.com/
sharp objects,£47.82,https://books.toscrape.com/
sapiens: a brief history of humankind,£54.23,https://books.toscrape.com/
the requiem red,£22.65,https://books.toscrape.com/
the dirty little secrets of getting your dream job,£33.34,https://books.toscrape.com/
"the coming woman: a novel based on the life of the infamous feminist, victoria woodhull",£17.93,https://books.toscrape.com/
the boys in the boat: nine americans and their epic quest for gold at the 1936 berlin olympics,£22.60,https://books.toscrape.com/
the black maria,£52.15,https://books.toscrape.com/
"starving hearts (triangular trade trilogy, #1)",£13.99,https://books.toscrape.com/
shakespeare's sonnets,£20.66,https://books.toscrape.com/
set me free,£17.46,https://books.toscrape.com/
scott pilgrim's precious little life (scott pilgrim #1),£52.29,https://books.toscrape.com/
rip it up and start again,£35.02,https://books.toscrape.com/
"our band could be your life: scenes from the american indie underground, 1981-1991",£57.25,https://books.toscrape.com/
olio,£23.88,https://books.toscrape.com/
mesaerion: the best science fiction stories 1800-1849,£37.59,https://books.toscrape.com/
libertarianism for beginners,£51.33,https://books.toscrape.com/
it's only the himalayas,£45.17,https://books.toscrape.com/
