id,name,headline,location,region,industry,open_to,connections,profile_url
p-ava-chen,ava chen,senior data engineer @ nimbus metrics · scraping & etl,"Austin, Texas, United States",us,Software Development,Hiring,500+ connections,/playground/careermesh/person-p-ava-chen
p-marcus-lee,marcus lee,staff software engineer · distributed systems,"Seattle, Washington, United States",us,Computer Software,Open to work,500+ connections,/playground/careermesh/person-p-marcus-lee
p-sofia-rahman,sofia rahman,product manager · marketplace growth,"London, England, United Kingdom",uk,Internet,,420+ connections,/playground/careermesh/person-p-sofia-rahman
p-jonah-park,jonah park,ml engineer · ranking & recommendations,"San Francisco Bay Area, United States",us,Artificial Intelligence,Hiring,500+ connections,/playground/careermesh/person-p-jonah-park
p-riley-nguyen,riley nguyen,frontend engineer · design systems,"Toronto, Ontario, Canada",canada,Software Development,Open to work,310+ connections,/playground/careermesh/person-p-riley-nguyen
p-devon-okonkwo,devon okonkwo,security engineer · appsec & bot defense,"Berlin, Germany",europe,Computer & Network Security,,280+ connections,/playground/careermesh/person-p-devon-okonkwo
p-hana-suzuki,hana suzuki,ux researcher · b2b saas,"Tokyo, Japan",asia,Design,Open to work,190+ connections,/playground/careermesh/person-p-hana-suzuki
p-eli-brooks,eli brooks,devrel · apis & open source,"Denver, Colorado, United States",us,Software Development,Hiring,500+ connections,/playground/careermesh/person-p-eli-brooks
p-maya-patel,maya patel,people ops partner · tech recruiting,"Bengaluru, India",asia,Human Resources,Hiring,450+ connections,/playground/careermesh/person-p-maya-patel
p-chris-ng,chris ng,sre · reliability & observability,Singapore,asia,Information Technology,,360+ connections,/playground/careermesh/person-p-chris-ng
p-zoe-martinez,zoe martinez,growth marketer · performance & seo,"Mexico City, Mexico",latam,Marketing & Advertising,Open to work,270+ connections,/playground/careermesh/person-p-zoe-martinez
p-noah-kim,noah kim,ios engineer · mobile platforms,"New York City, United States",us,Software Development,,330+ connections,/playground/careermesh/person-p-noah-kim
p-lena-hoffman,lena hoffman,data analyst · marketplace insights,"Munich, Germany",europe,Data & Analytics,Open to work,210+ connections,/playground/careermesh/person-p-lena-hoffman
p-raj-sharma,raj sharma,backend engineer · payments,"Bengaluru, India",asia,Computer Software,Hiring,480+ connections,/playground/careermesh/person-p-raj-sharma
p-emma-wilson,emma wilson,content strategist · developer docs,"Manchester, England, United Kingdom",uk,Writing & Editing,,175+ connections,/playground/careermesh/person-p-emma-wilson
p-carlos-mendez,carlos méndez,full-stack engineer · edtech,"Buenos Aires, Argentina",latam,Software Development,Open to work,290+ connections,/playground/careermesh/person-p-carlos-mendez
p-priya-nair,priya nair,product designer · b2b saas,Remote,asia,Design,Hiring,340+ connections,/playground/careermesh/person-p-priya-nair
p-owen-clark,owen clark,sales engineer · cloud infrastructure,"Chicago, Illinois, United States",us,Information Technology,,410+ connections,/playground/careermesh/person-p-owen-clark
p-amira-hassan,amira hassan,data scientist · nlp,"Amsterdam, Netherlands",europe,Artificial Intelligence,Open to work,255+ connections,/playground/careermesh/person-p-amira-hassan
p-ben-okada,ben okada,mobile engineer · android,"Osaka, Japan",asia,Software Development,,180+ connections,/playground/careermesh/person-p-ben-okada
p-sara-cohen,sara cohen,ops manager · fulfillment,"Tel Aviv, Israel",asia,Operations,Hiring,220+ connections,/playground/careermesh/person-p-sara-cohen
p-liam-foster,liam foster,qa lead · test automation,"Dublin, Ireland",europe,Computer Software,Open to work,300+ connections,/playground/careermesh/person-p-liam-foster
p-nina-volkov,nina volkov,finance partner · saas metrics,"Toronto, Ontario, Canada",canada,Financial Services,,190+ connections,/playground/careermesh/person-p-nina-volkov
p-diego-silva,diego silva,cloud architect · multi-region systems,"São Paulo, Brazil",latam,Information Technology,Hiring,360+ connections,/playground/careermesh/person-p-diego-silva
p-grace-liu,grace liu,product analyst · experimentation,"San Jose, California, United States",us,Data & Analytics,Open to work,275+ connections,/playground/careermesh/person-p-grace-liu
p-tom-baker,tom baker,customer success manager · enterprise,"London, England, United Kingdom",uk,Customer Service,,400+ connections,/playground/careermesh/person-p-tom-baker
p-yuki-tanaka,yuki tanaka,hardware engineer · wearables,"Tokyo, Japan",asia,Electrical & Electronic Manufacturing,Hiring,150+ connections,/playground/careermesh/person-p-yuki-tanaka
p-olivia-ross,olivia ross,legal counsel · privacy & data,"Washington, D.C., United States",us,Legal Services,,320+ connections,/playground/careermesh/person-p-olivia-ross
p-felix-brandt,felix brandt,platform engineer · internal tools,"Zurich, Switzerland",europe,Software Development,Open to work,240+ connections,/playground/careermesh/person-p-felix-brandt
p-isabella-cruz,isabella cruz,community manager · open source,"Mexico City, Mexico",latam,Marketing & Advertising,Hiring,500+ connections,/playground/careermesh/person-p-isabella-cruz
p-kai-mori,kai mori,staff platform engineer · developer experience,"Portland, Oregon, United States",us,Software Development,Hiring,470+ connections,/playground/careermesh/person-p-kai-mori
p-aisha-khan,aisha khan,mlops engineer · model serving,"Hyderabad, India",asia,Artificial Intelligence,Open to work,380+ connections,/playground/careermesh/person-p-aisha-khan
p-lucas-berg,lucas berg,product manager · payments,"Stockholm, Sweden",europe,Financial Services,,290+ connections,/playground/careermesh/person-p-lucas-berg
p-mei-lin,mei lin,security engineer · cloud security,"Vancouver, British Columbia, Canada",canada,Computer & Network Security,Hiring,310+ connections,/playground/careermesh/person-p-mei-lin
p-james-okafor,james okafor,backend engineer · apis,"Lagos, Nigeria",africa,Computer Software,Open to work,260+ connections,/playground/careermesh/person-p-james-okafor
p-claire-dupont,claire dupont,ux designer · design systems,"Paris, France",europe,Design,Hiring,340+ connections,/playground/careermesh/person-p-claire-dupont
p-haruto-saito,haruto saito,ios engineer · consumer apps,"Osaka, Japan",asia,Software Development,,195+ connections,/playground/careermesh/person-p-haruto-saito
p-sofia-alvarez,sofia alvarez,data engineer · analytics platforms,"Bogotá, Colombia",latam,Data & Analytics,Open to work,280+ connections,/playground/careermesh/person-p-sofia-alvarez
p-ethan-wright,ethan wright,technical writer · api docs,"Edinburgh, Scotland, United Kingdom",uk,Writing & Editing,Hiring,220+ connections,/playground/careermesh/person-p-ethan-wright
p-noura-elamin,noura elamin,recruiter · engineering talent,"Dubai, United Arab Emirates",asia,Human Resources,Hiring,500+ connections,/playground/careermesh/person-p-noura-elamin
p-oliver-hayes,oliver hayes,sre · reliability engineering,"Sydney, Australia",oceania,Information Technology,Open to work,355+ connections,/playground/careermesh/person-p-oliver-hayes
p-fatima-zahra,fatima zahra,growth pm · lifecycle marketing,"Casablanca, Morocco",africa,Marketing & Advertising,,240+ connections,/playground/careermesh/person-p-fatima-zahra
p-daniel-rossi,daniel rossi,full-stack engineer · saas,"Milan, Italy",europe,Computer Software,Open to work,275+ connections,/playground/careermesh/person-p-daniel-rossi
p-chloe-bennett,chloe bennett,customer success · mid-market,"Austin, Texas, United States",us,Customer Service,Hiring,410+ connections,/playground/careermesh/person-p-chloe-bennett
p-arjun-mehta,arjun mehta,staff data scientist · forecasting,"Pune, India",asia,Data & Analytics,,320+ connections,/playground/careermesh/person-p-arjun-mehta
p-isabel-fernandez,isabel fernández,legal counsel · commercial,"Madrid, Spain",europe,Legal Services,Open to work,185+ connections,/playground/careermesh/person-p-isabel-fernandez
p-ryan-cooper,ryan cooper,devops engineer · cloud infra,Remote,us,Information Technology,Hiring,390+ connections,/playground/careermesh/person-p-ryan-cooper
p-yara-nasser,yara nasser,android engineer · kotlin,"Amman, Jordan",asia,Software Development,Open to work,210+ connections,/playground/careermesh/person-p-yara-nasser
p-mateo-ruiz,mateo ruiz,operations analyst · logistics,"Lima, Peru",latam,Operations,,160+ connections,/playground/careermesh/person-p-mateo-ruiz
p-sienna-park,sienna park,frontend engineer · accessibility,"Seoul, South Korea",asia,Internet,Hiring,300+ connections,/playground/careermesh/person-p-sienna-park
